{"cameraMode":{"drawMode":0,"name":"Shaded","section":"Shading Mode"},"sceneLighting":true,"audioPlay":false,"sceneViewState":{"m_AlwaysRefresh":false,"showFog":true,"showSkybox":true,"showFlares":true,"showImageEffects":true,"showParticleSystems":true,"showVisualEffectGraphs":true,"m_FxEnabled":true},"in2DMode":false,"pivot":{"x":2.059734582901001,"y":2.0892155170440676,"z":-3.2049789428710939},"rotation":{"x":0.011824585497379303,"y":0.8541191220283508,"z":0.01881275698542595,"w":-0.5201259851455689},"size":0.7389512658119202,"orthographic":false}