{"cameraMode":{"drawMode":0,"name":"Shaded","section":"Shading Mode"},"sceneLighting":true,"audioPlay":false,"sceneViewState":{"m_AlwaysRefresh":false,"showFog":true,"showSkybox":true,"showFlares":true,"showImageEffects":true,"showParticleSystems":true,"showVisualEffectGraphs":true,"m_FxEnabled":true},"in2DMode":false,"pivot":{"x":-14.742691993713379,"y":12.643502235412598,"z":-26.34099006652832},"rotation":{"x":0.05848672240972519,"y":0.9056922793388367,"z":-0.39829209446907046,"w":0.13299503922462464},"size":0.5899144411087036,"orthographic":false}